{
  "description": {
    "title": "",
    "text": ""
  },
  "links_1": {
    "list_pages": true,
    "title": "Páginas",
    "list": []
  },
  "links_2": {
    "list_categories": true,
    "title": "Categorias",
    "list": []
  },
  "contacts": {
    "title": "Precisa de ajuda?",
    "phone_wpp": true,
    "socials": true,
    "email": true,
    "address": true
  },
  "stamps": [
    {
      "src": "/img/uploads/selo-site-de-maquiagem-seguro-miga-sua-make.webp",
      "alt": "site de maquiagem confiavel seguro"
    },
    {
      "src": "/img/uploads/selo-google-safe-browsing-site-de-maquiagem.webp",
      "link": "https://transparencyreport.google.com/safe-browsing/search?url=www.migasuamake.com.br"
    }
  ],
  "payment_methods": {
    "bb": true,
    "visa": true,
    "boleto": true,
    "aura": false,
    "banrisul": false,
    "elo": true,
    "hipercard": false,
    "hsbc": false,
    "bradesco": true,
    "santander": false,
    "mastercard": true,
    "paypal": true,
    "citibank": false,
    "mais": false,
    "pix": true,
    "itau": true
  },
  "credits": ""
}