{
  "meta_title": "Miga sua Make | Loja de Maquiagem",
  "meta_description": "Loja de maquiagem com as melhores marcas de cosméticos com atendimento e preços incríveis!",
  "sections": [
    {
      "type": "banner-slider",
      "autoplay": 9000,
      "full_width": true,
      "slides": [
        {
          "start": "",
          "end": "",
          "img": "/img/uploads/banner-gel-sobrancelha-melu-1-.png",
          "link": "/gel-modelador-para-sobrancelha-com-pincel-melu-by-ruby-rose"
        }
      ]
    },
    {
      "type": "collection-shelf",
      "shuffle": true,
      "collection_id": null,
      "sort": "offers",
      "title": "Mais Vendidos",
      "headless": false,
      "limit": 12,
      "page": 1
    },
    {
      "type": "info-bar",
      "enabled": true
    },
    {
      "type": "page-title",
      "title": "Principais Categorias",
      "description": "para uma maquiagem completa"
    },
    {
      "type": "banners-grid",
      "banners": [
        {
          "img": "/img/uploads/bases-maquiagem.webp",
          "mobile_img": "/img/uploads/bases.webp",
          "alt": "bases para maquiagem",
          "link": "/face/base-maquiagem"
        },
        {
          "img": "/img/uploads/corretivos-de-maquiagem.webp",
          "mobile_img": "/img/uploads/corretivos.webp",
          "link": "/face/corretivo-maquiagem",
          "alt": "corretivos para maquiagem"
        },
        {
          "mobile_img": "/img/uploads/blush.webp",
          "img": "/img/uploads/blush-facial-maquiagem.webp",
          "link": "/face/blush-facial",
          "alt": "blush facial"
        },
        {
          "img": "/img/uploads/iluminador-facial.webp",
          "mobile_img": "/img/uploads/iluminador.webp",
          "link": "/face/iluminador",
          "alt": "iluminador facial"
        },
        {
          "img": "/img/uploads/rimel-mascara-de-cilios.webp",
          "mobile_img": "/img/uploads/rimel.webp",
          "alt": "mascara de cilios",
          "link": "/olhos/rimel-mascara-cilios"
        },
        {
          "img": "/img/uploads/delineador-de-maquiagem.webp",
          "mobile_img": "/img/uploads/delineador.webp",
          "link": "/olhos/delineador",
          "alt": "delineador de maquiagem"
        },
        {
          "img": "/img/uploads/sombras-para-maquiagem.webp",
          "mobile_img": "/img/uploads/sombras.webp",
          "link": "/olhos/sombra",
          "alt": "sombras para maquiagem"
        },
        {
          "img": "/img/uploads/primer-facial-maquiagem.webp",
          "mobile_img": "/img/uploads/primer.webp",
          "link": "/face/primer-maquiagem",
          "alt": "primer facial"
        }
      ]
    },
    {
      "type": "collection-shelf",
      "shuffle": false,
      "limit": 12,
      "page": 1,
      "title": "Novidades",
      "sort": "news"
    },
    {
      "type": "collection-shelf",
      "shuffle": true,
      "limit": 12,
      "page": 1,
      "collection_id": "636ed24473321213f8d73e50:categories:Face:/face",
      "sort": "views",
      "title": "Preparação de Pele",
      "headless": false
    },
    {
      "type": "collection-shelf",
      "shuffle": true,
      "limit": 12,
      "page": 1,
      "collection_id": "636ed30773321213f8d73fde:categories:Pincéis:/pinceis",
      "sort": "views",
      "title": "Pincéis"
    },
    {
      "type": "page-title",
      "title": "Compre por Marca",
      "description": "maiores marcas do mercado"
    },
    {
      "type": "brands-carousel",
      "limit": 24,
      "offset": 0,
      "autoplay": 5000,
      "sort": "name"
    }
  ]
}